"Status","Start Time","Stop Time","Duration in ms","Parent Suite","Suite","Sub Suite","Test Class","Test Method","Name","Description"
"passed","Sun Sep 27 23:44:05 UTC 2026","Sun Sep 27 23:44:06 UTC 2026","784","","Transaction Management Tests","","test.TransactionTests","shouldDeleteTransactionSuccessfully","Should delete transaction successfully",""
"passed","Sun Sep 27 23:44:04 UTC 2026","Sun Sep 27 23:44:05 UTC 2026","811","","Transaction Management Tests","","test.TransactionTests","shouldNotDeleteAccountWithTransactions","Should not delete an account that has transactions",""
"passed","Sun Sep 27 23:44:05 UTC 2026","Sun Sep 27 23:44:05 UTC 2026","273","","Transaction Management Tests","","test.TransactionTests","shouldValidateMandatoryFieldsForTransaction","Should validate mandatory fields for transaction",""
"passed","Sun Sep 27 23:44:06 UTC 2026","Sun Sep 27 23:44:07 UTC 2026","528","","Transaction Management Tests","","test.TransactionTests","shouldNotCreateTransactionWithFutureDate","Should not create a transaction with a future date",""
"passed","Sun Sep 27 23:44:03 UTC 2026","Sun Sep 27 23:44:04 UTC 2026","245","","Authentication Tests","","test.AuthTests","shouldAccessOnlyWithToken","Should validate access only with token",""
"passed","Sun Sep 27 23:44:02 UTC 2026","Sun Sep 27 23:44:03 UTC 2026","717","","Account Management Tests","","test.AccountTests","shouldNotCreateAccountWithDuplicateName","Should not create an account with a duplicate name",""
"passed","Sun Sep 27 23:44:03 UTC 2026","Sun Sep 27 23:44:03 UTC 2026","549","","Account Management Tests","","test.AccountTests","shouldUpdateAccountSuccessfully","Should update account successfully",""
"passed","Sun Sep 27 23:44:05 UTC 2026","Sun Sep 27 23:44:05 UTC 2026","555","","Transaction Management Tests","","test.TransactionTests","shouldInsertTransactionSuccessfully","Should create transaction successfully",""
"passed","Sun Sep 27 23:44:03 UTC 2026","Sun Sep 27 23:44:03 UTC 2026","282","","Account Management Tests","","test.AccountTests","shouldCreateAccountSuccessfully","Should create account successfully",""
